s,d,h,arvosuhde
1,19,11,0.70
1,19,13,0.77
1,19,15,0.80
1,19,17,0.80
1,19,19,0.80
1,19,21,0.79
1,19,23,0.82
1,19,25,0.85
1,19,27,0.90
1,19,29,0.95
1,21,11,0.73
1,21,13,0.82
1,21,15,0.86
1,21,17,0.87
1,21,19,0.87
1,21,21,0.87
1,21,23,0.90
1,21,25,0.94
1,21,27,1.00
1,21,29,1.06
1,23,11,0.75
1,23,13,0.86
1,23,15,0.91
1,23,17,0.93
1,23,19,0.94
1,23,21,0.95
1,23,23,0.98
1,23,25,1.03
1,23,27,1.08
1,23,29,1.15
1,25,11,0.78
1,25,13,0.89
1,25,15,0.96
1,25,17,0.99
1,25,19,1.01
1,25,21,1.02
1,25,23,1.06
1,25,25,1.11
1,25,27,1.17
1,25,29,1.24
1,27,11,0.80
1,27,13,0.93
1,27,15,1.00
1,27,17,1.04
1,27,19,1.07
1,27,21,1.08
1,27,23,1.13
1,27,25,1.18
1,27,27,1.24
1,27,29,1.32
1,29,11,0.82
1,29,13,0.96
1,29,15,1.04
1,29,17,1.09
1,29,19,1.12
1,29,21,1.14
1,29,23,1.19
1,29,25,1.24
1,29,27,1.31
1,29,29,1.39
1,31,11,0.84
1,31,13,0.99
1,31,15,1.08
1,31,17,1.13
1,31,19,1.17
1,31,21,1.20
1,31,23,1.25
1,31,25,1.31
1,31,27,1.38
1,31,29,1.46
1,33,11,0.86
1,33,13,1.02
1,33,15,1.11
1,33,17,1.18
1,33,19,1.22
1,33,21,1.25
1,33,23,1.30
1,33,25,1.36
1,33,27,1.44
1,33,29,1.53
1,35,11,0.89
1,35,13,1.04
1,35,15,1.15
1,35,17,1.21
1,35,19,1.26
1,35,21,1.30
1,35,23,1.35
1,35,25,1.42
1,35,27,1.50
1,35,29,1.59
1,37,11,0.91
1,37,13,1.07
1,37,15,1.18
1,37,17,1.25
1,37,19,1.30
1,37,21,1.34
1,37,23,1.40
1,37,25,1.47
1,37,27,1.55
1,37,29,1.64
1,39,11,0.93
1,39,13,1.09
1,39,15,1.21
1,39,17,1.28
1,39,19,1.34
1,39,21,1.39
1,39,23,1.44
1,39,25,1.52
1,39,27,1.60
1,39,29,1.70
1,41,11,0.96
1,41,13,1.12
1,41,15,1.23
1,41,17,1.32
1,41,19,1.38
1,41,21,1.43
1,41,23,1.49
1,41,25,1.56
1,41,27,1.65
1,41,29,1.75
1,43,11,0.98
1,43,13,1.15
1,43,15,1.26
1,43,17,1.35
1,43,19,1.41
1,43,21,1.46
1,43,23,1.53
1,43,25,1.60
1,43,27,1.69
1,43,29,1.80
1,45,11,1.01
1,45,13,1.17
1,45,15,1.29
1,45,17,1.38
1,45,19,1.44
1,45,21,1.50
1,45,23,1.56
1,45,25,1.64
1,45,27,1.74
1,45,29,1.84
2,19,11,0.59
2,19,13,0.73
2,19,15,0.83
2,19,17,0.88
2,19,19,0.92
2,19,21,0.94
2,19,23,0.97
2,19,25,1.04
2,19,27,1.13
2,19,29,1.23
2,21,11,0.59
2,21,13,0.75
2,21,15,0.85
2,21,17,0.92
2,21,19,0.96
2,21,21,0.99
2,21,23,1.02
2,21,25,1.06
2,21,27,1.15
2,21,29,1.25
2,23,11,0.60
2,23,13,0.75
2,23,15,0.87
2,23,17,0.95
2,23,19,1.00
2,23,21,1.04
2,23,23,1.07
2,23,25,1.11
2,23,27,1.20
2,23,29,1.30
2,25,11,0.60
2,25,13,0.75
2,25,15,0.88
2,25,17,0.97
2,25,19,1.03
2,25,21,1.07
2,25,23,1.11
2,25,25,1.14
2,25,27,1.20
2,25,29,1.30
2,27,11,0.61
2,27,13,0.76
2,27,15,0.88
2,27,17,0.98
2,27,19,1.05
2,27,21,1.10
2,27,23,1.14
2,27,25,1.18
2,27,27,1.23
2,27,29,1.32
2,29,11,0.63
2,29,13,0.76
2,29,15,0.88
2,29,17,0.99
2,29,19,1.06
2,29,21,1.12
2,29,23,1.17
2,29,25,1.21
2,29,27,1.25
2,29,29,1.32
2,31,11,0.65
2,31,13,0.77
2,31,15,0.89
2,31,17,0.99
2,31,19,1.07
2,31,21,1.14
2,31,23,1.19
2,31,25,1.24
2,31,27,1.28
2,31,29,1.33
2,33,11,0.67
2,33,13,0.79
2,33,15,0.89
2,33,17,0.99
2,33,19,1.08
2,33,21,1.15
2,33,23,1.21
2,33,25,1.26
2,33,27,1.31
2,33,29,1.37
2,35,11,0.68
2,35,13,0.81
2,35,15,0.90
2,35,17,1.00
2,35,19,1.09
2,35,21,1.16
2,35,23,1.23
2,35,25,1.28
2,35,27,1.34
2,35,29,1.40
2,37,11,0.68
2,37,13,0.84
2,37,15,0.92
2,37,17,1.00
2,37,19,1.09
2,37,21,1.17
2,37,23,1.24
2,37,25,1.30
2,37,27,1.36
2,37,29,1.42
2,39,11,0.69
2,39,13,0.85
2,39,15,0.94
2,39,17,1.01
2,39,19,1.09
2,39,21,1.18
2,39,23,1.25
2,39,25,1.32
2,39,27,1.38
2,39,29,1.45
2,41,11,0.70
2,41,13,0.85
2,41,15,0.96
2,41,17,1.03
2,41,19,1.10
2,41,21,1.18
2,41,23,1.26
2,41,25,1.33
2,41,27,1.40
2,41,29,1.47
2,43,11,0.72
2,43,13,0.86
2,43,15,0.98
2,43,17,1.05
2,43,19,1.11
2,43,21,1.19
2,43,23,1.27
2,43,25,1.35
2,43,27,1.42
2,43,29,1.49
2,45,11,0.74
2,45,13,0.86
2,45,15,0.99
2,45,17,1.07
2,45,19,1.13
2,45,21,1.20
2,45,23,1.28
2,45,25,1.36
2,45,27,1.44
2,45,29,1.51
3,19,11,0.51
3,19,13,0.51
3,19,15,0.51
3,19,17,0.51
3,19,19,0.51
3,19,21,0.51
3,19,23,0.51
3,19,25,0.51
3,19,27,0.51
3,19,29,0.51
3,21,11,0.51
3,21,13,0.51
3,21,15,0.51
3,21,17,0.89
3,21,19,0.87
3,21,21,0.88
3,21,23,0.84
3,21,25,0.82
3,21,27,0.91
3,21,29,0.87
3,23,11,0.52
3,23,13,0.94
3,23,15,0.95
3,23,17,0.96
3,23,19,0.95
3,23,21,0.91
3,23,23,1.04
3,23,25,1.04
3,23,27,1.04
3,23,29,1.03
3,25,11,1.01
3,25,13,1.01
3,25,15,1.02
3,25,17,0.99
3,25,19,0.98
3,25,21,1.14
3,25,23,1.14
3,25,25,1.15
3,25,27,1.15
3,25,29,1.15
3,27,11,1.05
3,27,13,1.05
3,27,15,1.07
3,27,17,1.05
3,27,19,1.21
3,27,21,1.19
3,27,23,1.21
3,27,25,1.20
3,27,27,1.24
3,27,29,1.24
3,29,11,1.12
3,29,13,1.08
3,29,15,1.10
3,29,17,1.08
3,29,19,1.27
3,29,21,1.27
3,29,23,1.26
3,29,25,1.30
3,29,27,1.31
3,29,29,1.29
3,31,11,1.15
3,31,13,1.14
3,31,15,1.12
3,31,17,1.30
3,31,19,1.31
3,31,21,1.32
3,31,23,1.32
3,31,25,1.34
3,31,27,1.34
3,31,29,1.35
3,33,11,1.18
3,33,13,1.16
3,33,15,1.17
3,33,17,1.33
3,33,19,1.34
3,33,21,1.35
3,33,23,1.34
3,33,25,1.39
3,33,27,1.40
3,33,29,1.38
3,35,11,1.21
3,35,13,1.21
3,35,15,1.19
3,35,17,1.38
3,35,19,1.39
3,35,21,1.38
3,35,23,1.42
3,35,25,1.41
3,35,27,1.42
3,35,29,1.43
3,37,11,1.26
3,37,13,1.23
3,37,15,1.41
3,37,17,1.42
3,37,19,1.41
3,37,21,1.42
3,37,23,1.44
3,37,25,1.45
3,37,27,1.44
3,37,29,1.45
3,39,11,1.28
3,39,13,1.25
3,39,15,1.43
3,39,17,1.44
3,39,19,1.44
3,39,21,1.43
3,39,23,1.46
3,39,25,1.46
3,39,27,1.47
3,39,29,1.47
3,41,11,1.31
3,41,13,1.28
3,41,15,1.47
3,41,17,1.47
3,41,19,1.47
3,41,21,1.46
3,41,23,1.48
3,41,25,1.48
3,41,27,1.47
3,41,29,1.48
3,43,11,1.33
3,43,13,1.30
3,43,15,1.48
3,43,17,1.48
3,43,19,1.48
3,43,21,1.50
3,43,23,1.50
3,43,25,1.50
3,43,27,1.49
3,43,29,1.49
3,45,11,1.35
3,45,13,1.31
3,45,15,1.49
3,45,17,1.49
3,45,19,1.49
3,45,21,1.50
3,45,23,1.51
3,45,25,1.50
3,45,27,1.51
3,45,29,1.50
